{
  "bundleSizes": [
    {
      "filename": "react.development.js",
      "bundleType": "NODE_DEV",
      "packageName": "react",
      "size": 74805,
      "gzip": 19814
    },
    {
      "filename": "react.production.min.js",
      "bundleType": "NODE_PROD",
      "packageName": "react",
      "size": 7634,
      "gzip": 2999
    },
    {
      "filename": "react-dom.development.js",
      "bundleType": "NODE_DEV",
      "packageName": "react-dom",
      "size": 945729,
      "gzip": 214979
    },
    {
      "filename": "react-dom.production.min.js",
      "bundleType": "NODE_PROD",
      "packageName": "react-dom",
      "size": 129760,
      "gzip": 41266
    },
    {
      "filename": "react-dom.profiling.min.js",
      "bundleType": "NODE_PROFILING",
      "packageName": "react-dom",
      "size": 133985,
      "gzip": 42474
    },
    {
      "filename": "scheduler.development.js",
      "bundleType": "NODE_DEV",
      "packageName": "scheduler",
      "size": 23797,
      "gzip": 6138
    },
    {
      "filename": "scheduler.production.min.js",
      "bundleType": "NODE_PROD",
      "packageName": "scheduler",
      "size": 5044,
      "gzip": 2002
    },
    {
      "filename": "scheduler-unstable_mock.development.js",
      "bundleType": "NODE_DEV",
      "packageName": "scheduler",
      "size": 22893,
      "gzip": 5457
    },
    {
      "filename": "scheduler-unstable_mock.production.min.js",
      "bundleType": "NODE_PROD",
      "packageName": "scheduler",
      "size": 4822,
      "gzip": 1938
    },
    {
      "filename": "jest-react.development.js",
      "bundleType": "NODE_DEV",
      "packageName": "jest-react",
      "size": 5895,
      "gzip": 1926
    },
    {
      "filename": "jest-react.production.min.js",
      "bundleType": "NODE_PROD",
      "packageName": "jest-react",
      "size": 1670,
      "gzip": 915
    },
    {
      "filename": "scheduler-tracing.development.js",
      "bundleType": "NODE_DEV",
      "packageName": "scheduler",
      "size": 9004,
      "gzip": 1811
    },
    {
      "filename": "scheduler-tracing.production.min.js",
      "bundleType": "NODE_PROD",
      "packageName": "scheduler",
      "size": 666,
      "gzip": 334
    },
    {
      "filename": "scheduler-tracing.profiling.min.js",
      "bundleType": "NODE_PROFILING",
      "packageName": "scheduler",
      "size": 3267,
      "gzip": 944
    }
  ]
}
